company,title,url,location
IBM,Associate Developer (Entry Level): Toronto/Calgary/Ottawa,https://ca.indeed.com/rc/clk?jk=6c1456992f5618b4&fccid=de71a49b535e21cb&vjs=3,"Toronto, ON"
Spatiallaser,Full Stack Developer,https://ca.indeed.com/company/Spatiallaser/jobs/Full-Stack-Developer-9bdc4539e56b7a11?fccid=6cec046b3cdff409&vjs=3,"Toronto, ON"
Achievers,Junior Software Engineer,https://ca.indeed.com/rc/clk?jk=05248e336a112698&fccid=a31d39aa57e3f105&vjs=3,"Toronto, ON"
TELUS,Junior Back End Developer | TELUS Digital,https://ca.indeed.com/rc/clk?jk=5c109dc94a8cc92c&fccid=ed81336789a877c2&vjs=3,"Toronto, ON"
Clear Spider Inc.,"Developer, integration and web services",https://ca.indeed.com/pagead/clk?mo=r&ad=-6NYlbfkN0AvGT_R-kkA1PahpkEQpfQ86s4ySWLbz515bKZaXrICKJJMegPfg_7uUsiiNtPd05Ta_-iUClVfKPhBqOqNcrGo7tfmrxEs1N0UtoeuxYf9LDm6wMFxZb1HWN0zTU4GqiTTkgjNVwP4IIAhXdE_WzR_hRsCjg2cKJpm3gd1WCQaEaJ1ON-AT7wGk330lsaCUYSg3SeP9UbeYGD9aAgNNL5gidFHdlB-868cHGbECk97tmLQ6y83fxNLkOlJ38ywXv02O6-vND5hdinGCZqqq4I74IzB6SqPnDLc_F-Zf7F3koTKSAQKs0tmIqltdV9nvKI8bMF6wvSzm1st7XGlF_uBUziYFrIj8XjNP6FKqbflHzZN0PY3lBoQIBI9_Axjv1irxp8IGW3prl28JQ46ENNQ4ESmQ4Q7Yv2_cNCdYEXk6h6PiRrd2DQQFyCJUTnU5yqcZo4lpBcxa31h8DhjhTaH0sLPwuAvB_0Sb67p9M199r1dunP0R4kNk6eMial6ey37DNN0F8_NoctvHWg7XkKyWiqL74akA2s=&xkcb=SoCg-_M3XS0XHrwjkZ0KbzkdCdPP&p=14&fvj=1&vjs=3,"Mississauga, ON"
IBM,Associate Developer (Entry Level): Toronto/Calgary/Ottawa,https://ca.indeed.com/rc/clk?jk=6c1456992f5618b4&fccid=de71a49b535e21cb&vjs=3,"Toronto, ON"
Spatiallaser,Full Stack Developer,https://ca.indeed.com/company/Spatiallaser/jobs/Full-Stack-Developer-9bdc4539e56b7a11?fccid=6cec046b3cdff409&vjs=3,"Toronto, ON"
Achievers,Junior Software Engineer,https://ca.indeed.com/rc/clk?jk=05248e336a112698&fccid=a31d39aa57e3f105&vjs=3,"Toronto, ON"
TELUS,Junior Back End Developer | TELUS Digital,https://ca.indeed.com/rc/clk?jk=5c109dc94a8cc92c&fccid=ed81336789a877c2&vjs=3,"Toronto, ON"
Clear Spider Inc.,"Developer, integration and web services",https://ca.indeed.com/pagead/clk?mo=r&ad=-6NYlbfkN0AvGT_R-kkA1PahpkEQpfQ86s4ySWLbz515bKZaXrICKJJMegPfg_7uUsiiNtPd05Ta_-iUClVfKPhBqOqNcrGo7tfmrxEs1N0UtoeuxYf9LDm6wMFxZb1HWN0zTU4GqiTTkgjNVwP4IIAhXdE_WzR_hRsCjg2cKJpm3gd1WCQaEaJ1ON-AT7wGPN4j3n82dxiesEXFsReq17e8CYOz7NtMdXugkXMinpVbl7lAB-3Il8hK7RJOnRDmgoq6RagDczjI4YzgT7332odo1-7sQNCYVqbFVjftSnCM2DaUTQNYizx0c5QUn2rtPmOsTJM1wZatcrrvXS7jYVkYyT5NvN4VuXxPFXRBZnh_tLseTQ6EN7xvy_fmMm40UsEhlEsSR8buOfJ6peOyvD1mvx4_YEo173aa7FhY78jo-tx_N7pA_1hyq8nCpr2RGybY_4YtGBepOBEskAPoEGgEKgNYDbFdtNL0vyki2tXJ0pNm0l4FzfSGjluc4VgyNryxlTrohSvG9bim4f_-1AYMKGDwbU5xKgfHhITBpKo=&xkcb=SoBU-_M3XS0T9JWxCp0NbzkdCdPP&p=14&fvj=1&vjs=3,"Mississauga, ON"
